"taux_endettement_cleaned","anciennete_emploi_cleaned","age_cleaned","anciennete_bni_cleaned","duree_pret_cleaned","Employeur","salaire_mensuel_cleaned","nb_salaires_cleaned","statut_marita_cleaned_UNIQUEVAL","nature_CAP_cleaned_UNIQUEVAL","type_contrat_cleaned","mensualite_cleaned","scoreenchiffre","categorie_employeur_cleaned_UNIQUEVAL","code_DTX_cleaned_UNIQUEVAL","scorePred","erreur"
32.66,16,26,11,9,"LE CALYPSO",212000,3,2,0,1,69239.2,72.98,1,"SAIN",75.47,2.48999999999999
30.3,21,32,20,10,"SMTH",2,12,1,0,1,0.606,86.11,1,"SAIN",43.24,-42.87
31.95,21,35,20,10,"FONCTIONNAIRE-MINISTERE DE L'EDUCATION NATIONALE",345560,9,2,0,1,110406.42,97.27,3,"SAIN",95.96,-1.31
28.23,412,56,289,10,"FONCTIONNAIRE Semaine du Fonctionnaire",2537400,224,0,1,0,716308.02,99.6,3,"SAIN",99.56,-0.039999999999992
24.93,117,70,14,9,"MINISTERE DES POSTES ET COMMUNICATION",569316,2,0,0,0,141930.4788,90.86,3,"SAIN",92,1.14
32.86,43,39,33,11,"FONCTIONNAIRE MINISTERE DES FINANCES ET DU BUDGET",977284.4,25,0,0,1,321135.65384,97.65,3,"SAIN",97.59,-0.0600000000000023
31.84,30,29,47,6,"PECHEXPORT",560180,22,2,0,0,178361.312,91.71,1,"SAIN",91.61,-0.0999999999999943
32.62,20,34,21,11,"MINISTERE DE L'EDUCATION NATIONALE",368982.6,9,0,0,1,120362.12412,97.24,3,"SAIN",96.29,-0.949999999999989
11.56,159,41,42,10,"MINISTERE DE L'EDUCATION NATIONALE",444568.2,33,5,2,0,51392.08392,96.88,3,"SAIN",97.37,0.490000000000009
32.76,21,43,20,10,"MINISTERE DE L'EDUCATION NATIONALE",345560,9,2,0,1,113205.456,96.99,3,"SAIN",96.3,-0.689999999999998
32.41,438,60,163,9,"Fonctionnaire",574585.4,43,2,1,0,186223.12814,99.32,3,"SAIN",99.26,-0.0599999999999881
31.45,189,49,100,10,"FLOREAL MADAGASCAR S",396901,93,0,0,0,124825.3645,94.78,2,"SAIN",96.74,1.95999999999999
31.56,69,45,15,10,"COMMUNE URBAINE MANAKARA",279161.2,4,2,0,1,88103.27472,91.22,0,"SAIN",95.89,4.67
32.83,26,32,10,6,"MINISTERE DE L'EDUCATION NATIONALE",339882.2,1,0,0,1,111583.32626,95.04,3,"SAIN",96.29,1.25
32.97,39,28,12,6,"ECAR ODDIT",261860,3,1,0,1,86335.242,90.08,1,"SAIN",90.02,-0.0600000000000023
32.95,12,29,12,6,"ECAR ODDIT",267800,3,2,0,1,88240.1,89.35,1,"SAIN",83.86,-5.48999999999999
29.32,35,40,9,5,"FLOREAL MADAGASCAR S",230000,2,0,0,0,67436,90.73,2,"SAIN",90.88,0.149999999999991
24.79,119,70,13,7,"MINISTERE DE L'EDUCATION NATIONALE",384219,1,0,0,0,95247.8901,83.97,3,"SAIN",89.39,5.42
32.64,19,33,11,7,"MINISTERE DE  L' ENSEIGNEMENT NATIONAL",541781.8,2,2,0,1,176837.57952,95.72,3,"SAIN",96.88,1.16
5.17,35,40,33,10,"INTELCIA (ex - OUTREMER TELECOM MADAGASCAR)",740000,24,0,2,0,38258,95.06,1,"SAIN",93.63,-1.43000000000001
25,103,70,13,6,"MINISTERE DE L'EDUCATION NATIONAL",629000,2,0,0,0,157250,84.39,3,"SAIN",91.39,7
32.8,55,44,39,10,"B TEXTILE",239869.55,30,4,0,0,78677.2124,89.11,0,"SAIN",94.34,5.23
32.85,131,54,32,10,"MINISTERE DE L'EDUCATION NATIONALE",385597.6,21,0,2,0,126668.8116,96.7,3,"SAIN",96.51,-0.189999999999998
32.76,28,34,21,3,"MINISTERE DE LA JEUNESSE ET DES SPORTS",318949.2,11,0,0,1,104487.75792,97.18,3,"SAIN",95.68,-1.5
21.93,19,53,18,10,"MINISTERE DE L'EDUCATION NATIONALE",350560,3,0,0,1,76877.808,97.41,3,"SAIN",95.84,-1.56999999999999
32.96,71,45,21,8,"PROGRAMME DES NATIONS UNIES POUR LE DEVELOPPEMENT",3914783,14,0,0,1,1290312.4768,97.3,2,"SAIN",96.26,-1.03999999999999
30.28,20,28,20,10,"FONCTIONNAIRE Semaine du Fonctionnaire",362982.6,9,2,2,1,109911.13128,97.8,3,"SAIN",95.34,-2.45999999999999
31.42,51,33,30,7,"MINISTERE DE L'EDUCATION NATIONALE",376674.2,19,1,1,1,118351.03364,96.19,3,"SAIN",95.47,-0.719999999999999
10.3,52,47,42,10,"MINISTERE DE L'EDUCATION NATIONALE",387101.2,33,0,0,0,39871.4236,95.57,3,"SAIN",96.56,0.990000000000009
32.83,12,34,11,10,"LES ENFANTS DU SOLEIL",235800,3,2,0,1,77413.14,83.72,1,"SAIN",75.4,-8.31999999999999
31.73,31,30,18,10,"MINISTERE DE L'EDUCATION NATIONALE",396702.6,8,1,0,1,125873.73498,97.01,3,"SAIN",96.17,-0.840000000000003
19.45,19,53,19,10,"MINISTERE DE L'EDUCATION NATIONALE",350560,10,0,2,1,68183.92,97.5,3,"SAIN",96.59,-0.909999999999997
32.75,20,34,20,10,"Fonctionnaire",350560,10,2,0,1,114808.4,96.8,3,"SAIN",95.95,-0.849999999999994
19.45,19,54,20,10,"MINISTERE DE L'EDUCATION NATIONALE",350560,6,2,2,1,68183.92,97.21,3,"SAIN",96.15,-1.05999999999999
32.88,21,51,16,11,"MINISTERE DE L'EDUCATION NATIONALE",345560,7,0,0,1,113620.128,97.53,3,"SAIN",97.38,-0.150000000000006
32.65,51,42,23,3,"Fonctionnaire",480018.2,8,4,0,1,156725.9423,97.31,3,"SAIN",95.27,-2.04000000000001
30.85,15,26,14,10,"MAZAVA SPORTSWEAR",170000,7,0,0,0,52445,86.08,1,"SAIN",82.02,-4.06
32.92,44,53,37,10,"I-MAR MADA SARLU",325000,29,3,0,0,106990,94.22,1,"SAIN",93.73,-0.489999999999995
22.8,41,45,93,6,"APMF",2252732.48,17,0,0,0,513623.00544,98.37,2,"SAIN",97.19,-1.18000000000001
31.28,24,49,31,10,"PAPAM",489600,16,0,0,0,153146.88,89.5,0,"SAIN",94.75,5.25
12.98,159,42,26,10,"FONCTIONNAIRE Semaine du Fonctionnaire",808299.2,1,2,0,0,104917.23616,96.43,3,"SAIN",97.45,1.02
32.96,27,38,21,10,"COLAS MADAGASCAR SA",345300,14,0,0,0,113810.88,94.32,1,"SAIN",88.41,-5.91
32.28,99,38,46,10,"FLOREAL MADAGASCAR S",260000,38,0,0,0,83928,95.25,2,"SAIN",96.03,0.780000000000001
3.82,227,60,162,6,"SOCIETE MAD'COM VIVETIC",1480000,155,0,0,0,56536,99.39,1,"SAIN",99.19,-0.200000000000003
21.55,39,38,13,10,"MINISTERE DE L'EDUCATION NATIONALE",513246.2,5,1,0,1,110604.5561,95.67,3,"SAIN",97.79,2.12
9.64,26,32,29,5,"MINISTERE DE L'EDUCATION NATIONALE",487818.2,18,0,2,1,47025.67448,96.12,3,"SAIN",96.75,0.629999999999995
32.39,21,27,10,4,"TROPIC MAD SA",249000,2,0,0,1,80651.1,88.51,1,"SAIN",87.06,-1.45
12.23,62,40,25,10,"FONCTIONNAIRE Semaine du Fonctionnaire",858068,15,0,0,0,104941.7164,97.79,3,"SAIN",97.97,0.179999999999993
14.87,31,31,25,10,"MINISTERE DE L'EDUCATION NATIONALE",373982,16,2,0,1,55611.1234,96.09,3,"SAIN",96.6,0.509999999999991
32.73,102,43,39,10,"B TEXTILE",220000,31,1,2,0,72006,91.57,0,"SAIN",94.3,2.73
32.46,39,43,92,10,"MINISTERE DE L'EDUCATION NATIONALE",363603,24,0,0,1,118025.5338,98.34,3,"SAIN",97.04,-1.3
32.81,34,32,109,9,"OFFICE NATIONAL DE NUTRITION: ONN/SEECALINE",2945000,23,0,0,1,966254.5,93.49,0,"SAIN",98.47,4.98
7.27,108,33,99,10,"MINISTERE DE LA JUSTICE",721480.4,44,0,2,0,52451.62508,97.1,3,"SAIN",98.19,1.09
32.88,21,33,19,10,"MINISTERE DE L'EDUCATION NATIONALE",339560,8,0,0,1,111647.328,97.12,3,"SAIN",95.48,-1.64
13.5,142,53,90,10,"GASYNET",855000,83,0,0,0,115425,98.19,2,"SAIN",96.21,-1.98
31.5,39,34,27,10,"AQUARELLE M/CAR",229000,20,0,0,0,72135,90.76,2,"SAIN",90.07,-0.690000000000012
32.2,88,49,50,11,"PROJET AROPA",746560,42,0,0,0,240392.32,96.81,0,"SAIN",97.61,0.799999999999997
32.02,463,60,101,10,"MINISTERE DE L'EDUCATION NATIONALE",578841.4,44,0,2,0,185345.01628,96.03,3,"SAIN",98.43,2.40000000000001
32.9,53,43,57,10,"AMBATOVY MINERALS SA - AMSA",688000,44,0,2,0,226352,94.93,0,"SAIN",93.87,-1.06
10.43,24,28,19,7,"FONCTIONNAIRE MINISTERE DES FINANCES ET DU BUDGET",1457072.37,10,1,2,1,151972.648191,98.62,3,"SAIN",97.7,-0.920000000000002
31.38,47,40,74,10,"MADACAN",508110.3,40,0,0,0,159445.01214,84.21,0,"SAIN",96.49,12.28
11.41,17,40,114,6,"BLUE VENTURES",3,9,0,0,0,0.3423,93.32,0,"SAIN",60.54,-32.78
32.87,182,49,107,10,"MINISTERE DE L'EDUCATION NATIONALE",465661.6,43,0,2,0,153062.96792,98.27,3,"SAIN",96.81,-1.45999999999999
32.93,171,35,88,10,"AYE-AYE MADAGASCAR",5,81,0,2,0,1.6465,96.81,1,"SAIN",70.74,-26.07
32.17,26,39,11,3,"FLOREAL MADAGASCAR S",255000,4,0,0,1,82033.5,92.88,2,"SAIN",92,-0.879999999999995
32.2,25,27,11,4,"FLOREAL MADAGASCAR S",221000,3,0,0,1,71162,84.87,2,"SAIN",89.4,4.53
4.58,39,48,35,10,"MINISTERE DE L'EDUCATION NATIONALE",379403.8,21,0,2,1,17376.69404,96.78,3,"SAIN",92.96,-3.82000000000001
32.67,26,46,11,4,"FLOREAL MADAGASCAR S",210000,3,0,0,1,68607,87.5,2,"SAIN",88.88,1.38
4.23,33,37,53,10,"AMBATOVY MINERALS SA - AMSA",755910,25,1,2,0,31974.993,94.39,0,"SAIN",96.33,1.94
19.9,21,47,20,10,"FONCTIONNAIRE NON CONVENTIONNE",368982.6,4,2,2,1,73427.5374,97.06,3,"SAIN",96.03,-1.03
20.14,25,42,67,10,"MADACAN",729195.86,18,0,0,0,146860.046204,86.09,0,"SAIN",97.57,11.48
32.77,54,39,89,10,"MINISTERE DE L'EDUCATION NATIONALE",456515.4,44,0,2,0,149600.09658,97.54,3,"SAIN",98.08,0.539999999999992
29.52,89,49,24,6,"MAZAVA SPORTSWEAR",174000,17,1,0,0,51364.8,95.1,1,"SAIN",91.79,-3.30999999999999
32.88,22,29,17,9,"MINISTERE DE L'EDUCATION NATIONALE",495482,12,0,0,1,162914.4816,97.24,3,"SAIN",97.45,0.210000000000008
32.79,19,54,20,10,"MINISTERE DE L'EDUCATION NATIONALE",345560,10,2,0,1,113309.124,97.15,3,"SAIN",96.12,-1.03
32.72,112,35,87,10,"AVITECH SARL",304277.3,44,0,2,0,99559.53256,96.95,1,"SAIN",97.5,0.549999999999997
31.47,125,34,11,10,"MMP - BTP",182000,4,0,0,0,57275.4,92.27,1,"SAIN",91.3,-0.969999999999999
26.42,89,35,63,10,"PBZT",228296.05,43,0,2,0,60315.81641,82.09,1,"SAIN",93.59,11.5
10.18,113,44,78,10,"MINISTERE DE L'EDUCATION NATIONALE",412249.6,44,2,2,0,41967.00928,96.64,3,"SAIN",97.47,0.829999999999998
11.47,21,30,21,9,"FONCTIONNAIRE Semaine du Fonctionnaire",345000,10,0,0,1,39571.5,96.84,3,"SAIN",95.82,-1.02000000000001
32.4,11,38,11,4,"MAZAVA SPORTSWEAR",2,4,0,0,0,0.648,77.87,1,"SAIN",24.75,-53.12
29.89,39,35,37,10,"MINISTERE DE L'EDUCATION NATIONALE",353210.2,24,1,2,1,105574.52878,96.65,3,"SAIN",96.63,-0.0200000000000102
32.43,28,30,20,8,"SAVONNERIE TROPICALE",192075.44,13,1,0,1,62290.065192,92.57,2,"SAIN",88.91,-3.66
31.47,199,49,68,10,"L'AVENIR SARL",213000,0,0,0,0,67031.1,93.99,1,"SAIN",92,-1.98999999999999
21.86,11,41,11,10,"DZAMA COCKTAIL CAFE",398228,3,0,0,0,87052.6408,90.82,1,"SAIN",86.58,-4.23999999999999
32.88,20,55,20,10,"Fonctionnaire",339560,10,2,0,1,111647.328,97.04,3,"SAIN",96.11,-0.930000000000007
30.66,30,36,28,6,"MINISTERE DE L'EDUCATION NATIONALE",362982.6,19,0,0,1,111290.46516,96.52,3,"SAIN",96.47,-0.0499999999999972
19.12,21,53,20,10,"FONCTIONNAIRE NON CONVENTIONNE",345560,10,0,2,1,66071.072,97.17,3,"SAIN",96.68,-0.489999999999995
32.81,21,30,7,7,"MINISTERE DE L'EDUCATION NATIONALE",362000,0,2,0,1,118772.2,94.77,3,"SAIN",95.86,1.09
11.44,34,36,33,10,"KARLIT SARLU",1100000,26,0,0,0,125840,93.81,0,"SAIN",96.63,2.81999999999999
32.73,20,31,20,10,"MINISTERE DE L'EDUCATION NATIONALE",373982.6,7,0,2,1,122404.50498,97.12,3,"SAIN",95.81,-1.31
32.94,16,29,125,6,"CONNECTEO SARL",370000,8,0,0,0,121878,98.43,2,"SAIN",95.62,-2.81
22.99,146,49,60,10,"BATPRO SA",172408,53,0,0,0,39636.5992,92.1,2,"SAIN",91.57,-0.530000000000001
32.81,112,37,8,10,"DATASTAR STAR",275000,1,0,0,0,90227.5,88.46,0,"SAIN",95.58,7.12
18.14,361,57,418,10,"Fonctionnaire",1161000,339,0,0,0,210605.4,99.17,3,"SAIN",94.7,-4.47
32.78,46,45,16,8,"MAZAVA SPORTSWEAR",190000,8,0,0,0,62282,91.24,1,"SAIN",87.36,-3.88
32.87,127,44,97,10,"MINISTERE DE L'EDUCATION NATIONALE",423631.4,44,2,2,0,139247.64118,96.95,3,"SAIN",98.07,1.11999999999999
31.83,20,25,9,4,"SAVONNERIE TROPICALE",183638.53,2,1,0,1,58452.144099,79.19,2,"SAIN",88.2,9.01000000000001
33,19,36,7,8,"FONCTIONNAIRE Semaine du Fonctionnaire",363000,2,0,0,1,119790,95.47,3,"SAIN",95.96,0.489999999999995
32.9,96,54,37,3,"MINISTERE DE L'INTERIEUR",276634.2,27,0,0,1,91012.6518,96.51,3,"SAIN",96.62,0.109999999999999
32.73,27,33,24,3,"POSITIVE PLANET   ",525200,17,0,0,1,171897.96,80.77,0,"SAIN",94.07,13.3
24.15,33,30,42,10,"AMBATOVY MINERALS SA - AMSA",710000,25,0,2,0,171465,94.03,0,"SAIN",97.11,3.08
31.81,27,30,30,10,"ANTSIRABE KNITWEAR",298000,19,0,0,0,94793.8,91.29,1,"SAIN",90,-1.29000000000001
24.66,177,59,60,10,"BATPRO SA",172408,53,0,0,0,42515.8128,92.63,2,"SAIN",93.84,1.21000000000001
15.24,21,35,19,10,"MINISTERE DE L'EDUCATION NATIONALE",345560,10,2,2,1,52663.344,97.59,3,"SAIN",96.14,-1.45
32.9,196,38,154,10,"MINISTERE DE LA SANTE PUBLIQUE",288786,44,1,2,0,95010.594,99.2,3,"SAIN",99.25,0.0499999999999972
28.02,80,34,71,10,"SOCIETE MAD'COM VIVETIC",662000,64,0,2,0,185492.4,97.03,1,"SAIN",96.94,-0.0900000000000034
14.81,39,54,32,10,"MINISTERE DE L'EDUCATION NATIONALE",381154,22,1,0,1,56448.9074,97.01,3,"SAIN",96.48,-0.530000000000001
33,244,44,132,10,"MINISTERE DE L'EDUCATION NATIONALE",362347.4,44,0,0,0,119574.642,97.7,3,"SAIN",99.16,1.45999999999999
32.31,98,33,23,10,"MINISTERE DE LA JUSTICE",598000,13,0,2,0,193213.8,97.56,3,"SAIN",95.29,-2.27
32.79,43,31,70,10,"Fonctionnaire",435134.8,3,1,0,1,142680.70092,97.17,3,"SAIN",96.63,-0.540000000000006
31.47,25,23,24,10,"LE CALYPSO",285000,17,2,0,1,89689.5,95.97,1,"SAIN",92.65,-3.31999999999999
33,435,60,344,8,"MINISTERE DE L'EDUCATION NATIONALE",725966,45,0,0,0,239568.78,99.27,3,"SAIN",99.23,-0.039999999999992
32.79,20,54,17,8,"MEDECINS DU MONDE",791600,9,0,0,1,259565.64,95.55,1,"SAIN",92.53,-3.02
32.91,39,42,25,10,"FONCTIONNAIRE NON CONVENTIONNE",363603.8,16,2,2,1,119662.01058,96.5,3,"SAIN",96.99,0.489999999999995
21.86,63,53,145,10,"FEDERAT°HANDICAP INTERNATIONAL",1002813,55,0,0,0,219214.9218,96.4,1,"SAIN",99.11,2.70999999999999
30.9,39,50,37,10,"MINISTERE DE L'EDUCATION NATIONALE",339000,23,0,2,1,104751,96.6,3,"SAIN",96.24,-0.359999999999999
18.85,19,50,20,10,"MINISTERE DE L'EDUCATION NATIONALE",350560,8,2,2,1,66080.56,97.07,3,"SAIN",96.26,-0.809999999999988
30.48,21,32,14,10,"FLOREAL MADAGASCAR S",169000,7,0,0,1,51511.2,90,2,"SAIN",89.49,-0.510000000000005
32.96,151,40,75,10,"MINISTERE DE L'EDUCATION NATIONALE",402556.4,41,0,2,0,132682.58944,96.62,3,"SAIN",97.64,1.02
32.79,26,33,13,5,"MINISTERE DE LA FONCTION PUBLIQUE; DU TRAVAIL; ET DES LOIS SOCIALES  - FOP",442482,4,0,0,1,145089.8478,96.91,3,"SAIN",97.07,0.159999999999997
32.4,113,41,57,9,"MATERNITE AVE MARIA",372784,44,0,0,0,120782.016,96.15,1,"SAIN",93.44,-2.71000000000001
31.69,28,44,20,9,"SAVONNERIE TROPICALE",209944,13,1,0,1,66531.2536,92.37,2,"SAIN",90.73,-1.64
32.75,108,54,102,10,"MINISTERE DE L'ENSEIGNEMENT SUPERIEUR",2987107.4,44,0,2,0,978277.6735,98.05,3,"SAIN",98.2,0.150000000000006
32.99,107,43,21,10,"ENAC",525200,14,0,2,0,173263.48,96.74,1,"SAIN",92,-4.73999999999999
32.93,13,41,8,6,"ENAC",273000,1,0,0,0,89898.9,88.91,1,"SAIN",82.63,-6.28
32.87,39,41,60,10,"CIMELTA",310200,29,0,2,0,101962.74,94.79,1,"SAIN",93.21,-1.58000000000001
31.34,98,33,16,10,"COMACAT",281120,8,0,0,0,88103.008,95.47,1,"SAIN",93.94,-1.53
32.54,87,43,71,10,"GUILMANN",1100000,44,0,2,0,357940,97.91,1,"SAIN",97.2,-0.709999999999994
30.78,438,55,353,10,"FONCTIONNAIRE ETAT MAJOR DE L'ARMEE MALAGASY",2055160.8,345,0,2,0,632578.49424,99.6,3,"SAIN",99.58,-0.019999999999996
31.57,19,27,20,10,"MINISTERE DE L'EDUCATION NATIONALE",345560,10,2,0,1,109093.292,97.9,3,"SAIN",94.96,-2.94000000000001
32.3,20,38,10,7,"FLOREAL MADAGASCAR S",169000,4,0,0,1,54587,85.34,2,"SAIN",86.34,1
9.63,71,43,130,10,"MINISTERE DE L'EDUCATION NATIONALE",579490.4,64,0,2,0,55804.92552,98.12,3,"SAIN",99.51,1.39
24.45,77,40,67,10,"NEWREST MADAGASCAR",386200,60,0,0,0,94425.9,94.8,0,"SAIN",96.55,1.75
32.47,19,29,12,8,"FLOREAL MADAGASCAR S",208694,7,0,0,1,67762.9418,90.66,2,"SAIN",89.63,-1.03
32.94,22,60,8,10,"COLAS MADAGASCAR SA",250000,1,0,0,0,82350,87.87,1,"SAIN",82.6,-5.27000000000001
31.47,18,29,18,10,"PIC",9,10,1,0,1,2.8323,97.36,2,"SAIN",34.38,-62.98
32.24,11,26,14,10,"INTELCIA (ex - OUTREMER TELECOM MADAGASCAR)",276580,4,0,0,0,89169.392,92.76,1,"CONTENTIEUX",90.02,-2.74000000000001
25.8,58,28,11,10,"SODIAT SA",195176,4,0,0,0,50355.408,85.17,1,"SAIN",86.18,1.01000000000001
10.33,210,50,145,10,"Fonctionnaire",1218932.6,44,0,2,0,125915.73758,97.86,3,"SAIN",99.55,1.69
28.23,134,53,20,10,"SCB",760000,13,4,0,0,214548,97.44,1,"SAIN",94.37,-3.06999999999999
32.82,21,55,8,7,"MINISTERE DE L'EDUCATION NATIONALE",350560,0,4,0,1,115053.792,95.74,3,"SAIN",96.65,0.910000000000011
32.98,64,59,50,10,"ENAC",327200,42,0,2,0,107910.56,95.98,1,"SAIN",95.03,-0.950000000000003
32.99,168,56,46,10,"ENAC",723200,38,0,2,0,238583.68,95.77,1,"SAIN",96.65,0.88000000000001
32.64,223,41,47,10,"MAIRIE DE TANA - COMMUNE URBAINE DE TANA",697000,37,0,2,0,227500.8,93.93,1,"SAIN",96.4,2.47
21.3,31,50,13,10,"MINISTERE DE L'EDUCATION NATIONALE",492482,1,0,0,1,104898.666,97.46,3,"SAIN",97.41,-0.0499999999999972
32.44,20,52,11,8,"FLOREAL MADAGASCAR S",201007,6,0,0,1,65206.6708,90.64,2,"SAIN",88.09,-2.55
32.78,31,32,76,10,"TRIANGLE SARL",8,24,0,0,0,2.6224,95.76,0,"SAIN",64.05,-31.71
32.73,58,40,15,10,"TV PLUS MADAGASCAR",625000,8,0,0,0,204562.5,90.62,0,"SAIN",96.84,6.22
17.35,134,47,41,9,"ACCORD KNITS",401000,31,0,0,0,69573.5,84.28,0,"SAIN",96.02,11.74
32.74,19,29,20,9,"MINISTERE DE L'EDUCATION NATIONALE",350560,9,0,0,1,114773.344,97.71,3,"SAIN",95.99,-1.72
32.93,18,33,63,6,"STE FRAISE ET FILS",390000,10,0,0,1,128427,93.04,2,"SAIN",94.12,1.08
22.67,24,53,24,6,"DIRECTION GENERALE DE LA SECURITE ROUTIERE",604114.27,16,0,0,0,136952.705009,96.11,1,"SAIN",92.44,-3.67
32.38,11,33,9,5,"REFRIGEPECHE OUEST",302985.42,1,0,0,0,98106.678996,82.91,1,"SAIN",77.51,-5.39999999999999
32.41,50,35,15,4,"MINISTERE DE L'ENVIRONNEMENT; DE L'ECOLOGIE DES MERS ET DES FORÊTS",313603.8,7,0,0,1,101638.99158,96.83,3,"SAIN",97.08,0.25
32.44,10,35,11,8,"GUILMANN",2,4,0,0,1,0.6488,78.23,1,"CONTENTIEUX",22.79,-55.44
19.94,30,51,28,10,"MINISTERE DE L'EDUCATION NATIONALE",541781.8,20,1,0,1,108031.29092,97.35,3,"SAIN",97.68,0.330000000000013
32.44,51,26,19,8,"MAZAVA SPORTSWEAR",170000,11,2,0,0,55148,92.89,1,"SAIN",84.35,-8.54000000000001
11.21,40,28,15,10,"MINISTERE DE LA JUSTICE",608386.8,7,1,0,0,68200.16028,98.34,3,"SAIN",98.5,0.159999999999997
32.53,20,42,10,6,"FLOREAL MADAGASCAR S",2,3,0,0,1,0.6506,87.34,2,"SAIN",37.58,-49.76
32.53,21,44,11,6,"FLOREAL MADAGASCAR S",2,4,2,0,1,0.6506,85.59,2,"SAIN",43.11,-42.48
30.84,128,37,12,10,"MINISTERE DE L'EDUCATION NATIONALE",408154.4,3,0,0,0,125874.81696,95.81,3,"SAIN",97.12,1.31
32.98,30,50,23,10,"MINISTERE DE L'EDUCATION NATIONALE",385126.6,14,2,2,1,127014.75268,97.38,3,"SAIN",95.99,-1.39
28.97,39,43,36,10,"MINISTERE DE L'EDUCATION NATIONALE",543846.2,24,2,2,1,157552.24414,97.32,3,"SAIN",97.13,-0.189999999999998
32.66,19,33,20,10,"MINISTERE DE L'EDUCATION NATIONALE",362982.6,10,0,0,1,118550.11716,97.22,3,"SAIN",95.53,-1.69
32.92,19,37,19,9,"MINISTERE DE L'EDUCATION NATIONALE",368982.6,6,0,2,1,121469.07192,97.2,3,"SAIN",96.25,-0.950000000000003
32.97,86,33,74,10,"GENDARMERIE NATIONALE",807957,45,1,2,0,266383.4229,97.58,2,"SAIN",97.75,0.170000000000002
31.38,18,36,58,10,"ENAC",424572,10,0,0,1,133230.6936,93.52,1,"SAIN",88.24,-5.28
31.98,193,47,31,10,"ULTRAMAILLE SARL",328000,24,0,0,0,104894.4,96.09,1,"SAIN",94.89,-1.2
31.07,216,50,117,10,"MINISTERE DE LA FONCTION PUBLIQUE; DU TRAVAIL; ET DES LOIS SOCIALES  - FOP",229559,110,0,0,0,71323.9813,97.04,3,"SAIN",98,0.959999999999994
32.49,19,31,11,9,"MINISTERE DE L'EDUCATION NATIONALE",368982.6,1,1,0,1,119882.44674,94.13,3,"SAIN",96.22,2.09
32.71,127,42,28,10,"MINISTERE DE L'EDUCATION NATIONALE",413084.4,20,0,2,0,135119.90724,96.43,3,"SAIN",96.7,0.269999999999996
32.34,98,28,11,10,"AUTODIFFUSION",202750,4,0,0,0,65569.35,89.89,1,"SAIN",88.17,-1.72
32.74,21,57,19,9,"MINISTERE DE L'EDUCATION NATIONALE",350560,3,0,0,1,114773.344,97,3,"SAIN",95.63,-1.37
11.81,39,39,19,10,"MINISTERE DE L'EDUCATION NATIONALE",333000,11,5,2,1,39327.3,97.18,3,"SAIN",94.98,-2.2
32.5,20,43,10,6,"FLOREAL MADAGASCAR S",250000,3,0,0,1,81250,92.04,2,"SAIN",92.79,0.75
32.5,20,43,11,6,"FLOREAL MADAGASCAR S",250000,5,0,0,1,81250,92.25,2,"SAIN",92.96,0.709999999999994
32.78,20,44,12,9,"FLOREAL MADAGASCAR S",222705,5,2,0,1,73002.699,87.88,2,"SAIN",89.23,1.35000000000001
32.86,31,31,28,10,"MINISTERE DE L'EDUCATION NATIONALE",399102.6,17,1,0,1,131145.11436,96.18,3,"SAIN",96.67,0.489999999999995
27.26,51,35,97,8,"BUREAU DE LA GIZ MADAGASCAR",3863540,45,0,0,1,1053201.004,97.08,1,"SAIN",98.24,1.16
32.8,39,37,33,10,"MINISTERE DE L'EDUCATION NATIONALE",359410.2,20,1,2,1,117886.5456,96.78,3,"SAIN",96.57,-0.210000000000008
18.21,91,39,14,10,"MINISTERE DE L'EDUCATION NATIONALE",593460,4,2,0,0,108069.066,97.86,3,"SAIN",97.94,0.0799999999999983
18.22,32,27,39,6,"GIS",234955,25,1,0,0,42808.801,90.85,1,"SAIN",88.31,-2.53999999999999
20.78,191,51,160,10,"MINISTERE DE LA SANTE PUBLIQUE",1241694.2,45,0,0,0,258024.05476,99.54,3,"SAIN",99.54,0
13.91,46,49,50,8,"CONSEIL DIOCESAIN DE DEVELOPPEMENT DE TULEAR",373072,39,0,0,1,51894.3152,95.37,1,"SAIN",94.6,-0.77000000000001
5.99,71,33,24,10,"MINISTERE DE L'EDUCATION NATIONALE",700912.8,15,0,2,0,41984.67672,96.09,3,"SAIN",96.76,0.670000000000002
27.22,81,37,26,8,"FONCTIONNAIRE MINISTERE DES FINANCES ET DU BUDGET",977212.4,17,2,0,0,265997.21528,97.7,3,"SAIN",97.9,0.200000000000003
14.15,46,34,24,3,"MINISTERE DE L'ENSEIGNEMENT SUPERIEUR",2929321,16,0,0,0,414498.9215,97.95,3,"SAIN",97.26,-0.689999999999998
18.54,19,42,20,10,"MINISTERE DE L'EDUCATION NATIONALE",339560,11,0,2,1,62954.424,97.1,3,"SAIN",96.75,-0.349999999999994
32.97,40,40,38,10,"OFFICE MALGACHE DE LA PROPRIETE INDUSTRIELLE 'OMAPI'",245000,32,4,0,0,80776.5,90.18,0,"SAIN",94.15,3.97
15.64,388,57,113,10,"MINISTERE DE L'ENVIRONNEMENT; DE L'ECOLOGIE DES MERS ET DES FORÊTS",489723.6,107,0,2,0,76592.77104,94.59,3,"SAIN",97.99,3.39999999999999
32.63,50,27,39,10,"MAZAVA SPORTSWEAR",217000,32,0,0,0,70807.1,89.15,1,"SAIN",86.42,-2.73
32.85,18,47,13,6,"SERVICES .MG",245000,6,1,0,1,80482.5,84.13,0,"CONTENTIEUX",95.06,10.93
19.82,19,47,19,7,"FONCTIONNAIRE Semaine du Fonctionnaire",372232,11,2,0,1,73776.3824,97.72,3,"SAIN",96.57,-1.15000000000001
15.13,115,49,13,10,"MAIRIE DE TANA - COMMUNE URBAINE DE TANA",693418,5,2,0,0,104914.1434,97.67,1,"SAIN",96.73,-0.939999999999998
31.47,30,45,14,10,"INDUSTRIAL ENGINEERING AND CONTRACTOR (INECO) ",594000,8,0,0,0,186931.8,88.13,0,"SAIN",95.93,7.80000000000001
32.94,46,34,35,6,"Fonctionnaire",997908.4,26,0,0,1,328711.02696,97.63,3,"SAIN",97.81,0.180000000000007
32.89,310,45,65,10,"EPSILON",640469.16,45,5,2,0,210650.306724,95.6,1,"SAIN",96.12,0.52000000000001
32.25,48,45,46,6,"MINISTERE DE L'EDUCATION NATIONALE",570720.2,35,1,0,0,184057.2645,96.59,3,"SAIN",97.6,1.00999999999999
32.86,99,39,57,10,"FONCTIONNAIRE Semaine du Fonctionnaire",304845.4,45,1,0,0,100172.19844,96.8,3,"SAIN",95.37,-1.42999999999999
32.21,18,40,11,9,"FLOREAL MADAGASCAR S",180000,4,0,0,1,57978,85.22,2,"SAIN",87.6,2.38
32.21,19,42,11,9,"FLOREAL MADAGASCAR S",180000,4,0,0,1,57978,86.46,2,"SAIN",87.77,1.31
32.52,10,38,51,7,"AGRISUD INTERNATIONAL",827200,4,1,0,1,269005.44,96.46,1,"SAIN",93.16,-3.3
32.69,31,37,25,5,"MINISTERE DE L'EDUCATION NATIONALE",393850.6,17,0,0,1,128749.76114,96.31,3,"SAIN",96.65,0.340000000000003
31.42,19,27,19,10,"MINISTERE DE L'EDUCATION NATIONALE",373982.6,11,2,0,1,117505.33292,97.89,3,"SAIN",94.94,-2.95
32.9,19,57,7,6,"MINISTERE DE L'EDUCATION NATIONALE",350560,0,1,0,1,115334.24,95.6,3,"SAIN",97.28,1.68000000000001
32.95,15,36,17,3,"UNIMAT LOGISTICS MAD",772383.33,8,0,0,1,254500.307235,87.9,0,"SAIN",96.56,8.66
32.68,15,27,14,9,"MAZAVA SPORTSWEAR",110000,8,0,0,0,35948,75.09,1,"SAIN",75,-0.0900000000000034
24.44,95,60,94,5,"AMBATOVY MINERALS SA - AMSA",1296361,45,0,0,0,316830.6284,98.73,0,"SAIN",97.9,-0.829999999999998
32.39,20,28,20,10,"MINISTERE DE L'EDUCATION NATIONALE",373982.6,2,2,0,1,121132.96414,97.6,3,"SAIN",93.91,-3.69
32.26,13,28,12,5,"HUTTE CANADIENNE (LA",177416,5,0,0,1,57234.4016,73.26,1,"SAIN",75.42,2.16
31.99,150,45,95,10,"FONCTIONNAIRE Semaine du Fonctionnaire",557408.4,45,0,0,0,178314.94716,98.6,3,"SAIN",97.15,-1.44999999999999
18.24,9,36,8,8,"MELLIS DISTRIBUTION ( immeuble DZAMA Anosibe Angarangarana)",163652.5,2,1,0,1,29850.216,62.61,0,"SAIN",83.49,20.88
32.86,34,30,31,10,"FANALAMANGA",258295,25,1,2,0,84875.737,94.18,1,"SAIN",90.54,-3.64
32.86,21,36,20,9,"MINISTERE DE L'EDUCATION NATIONALE",373982.6,10,0,0,1,122890.68236,97.18,3,"SAIN",96.11,-1.07000000000001
22.24,20,49,20,10,"SANIFER",250000,14,0,0,0,55600,94.34,1,"SAIN",91.34,-3
21.33,43,52,79,10,"KARINA SA",1715000,36,0,0,0,365809.5,97.65,1,"SAIN",97.07,-0.580000000000013
32.97,21,32,9,9,"Fonctionnaire",363603.8,1,0,0,1,119880.17286,95.08,3,"SAIN",96.24,1.16
12.25,38,30,25,9,"FONCTIONNAIRE MINISTERE DES FINANCES ET DU BUDGET",1561673.53,18,1,0,1,191305.007425,97.61,3,"SAIN",97.79,0.180000000000007
32.41,19,56,7,6,"MINISTERE DE L'EDUCATION NATIONALE",350560,0,0,0,1,113616.496,94.24,3,"SAIN",96.97,2.73
30.69,26,47,10,4,"FLOREAL MADAGASCAR S",261000,3,2,0,1,80100.9,92,2,"SAIN",92.6,0.599999999999994
32.79,24,24,16,10,"FANALAMANGA",206054,10,1,2,0,67565.1066,92.13,1,"SAIN",89.74,-2.39
32.52,23,42,12,5,"FLOREAL MADAGASCAR S",220000,5,4,0,1,71544,90.18,2,"SAIN",89.31,-0.870000000000005
32.97,19,41,9,9,"FLOREAL MADAGASCAR S",172345,3,0,0,1,56822.1465,86.17,2,"SAIN",84.8,-1.37
31.36,24,40,15,10,"FANALAMANGA",220754,9,1,0,0,69228.4544,87.08,1,"SAIN",85.87,-1.20999999999999
30.07,128,45,31,10,"ULTRAMAILLE SARL",157000,24,3,0,0,47209.9,91.53,1,"SAIN",89.74,-1.79000000000001
32.46,63,43,11,10,"SODIAT SA",184199,5,0,0,0,59790.9954,89.58,1,"SAIN",89.93,0.350000000000009
18.98,74,42,61,10,"JB",630000,55,0,0,0,119574,96.42,1,"SAIN",97.3,0.879999999999995
26.38,10,37,10,7,"BOLLORE AFRICA LOGISTICS MCAR",587286,4,0,0,1,154926.0468,92.34,1,"SAIN",86.73,-5.61
32.81,77,54,114,10,"NEWREST MADAGASCAR",414100,45,0,2,0,135866.21,97.7,0,"SAIN",98.56,0.859999999999999
21.24,36,32,55,6,"ADRA",1676859.12,29,0,0,1,356164.877088,97.2,1,"SAIN",94.7,-2.5
24.36,119,70,10,6,"FONCTIONNAIRE RETRAITE",467378,1,0,0,0,113853.2808,84.42,3,"SAIN",88.69,4.27
32.93,14,39,14,3,"Fonctionnaire",554774.4,6,0,0,1,182687.20992,97.5,3,"SAIN",97.47,-0.0300000000000011
29.67,41,31,23,8,"Fonctionnaire",655995.6,15,0,0,1,194633.89452,98.07,3,"SAIN",96.5,-1.56999999999999
32.82,50,39,40,4,"MINISTERE DE L'EDUCATION NATIONALE",487890.2,31,0,0,1,160125.56364,96.46,3,"SAIN",96.11,-0.349999999999994
32.92,21,37,20,10,"MINISTERE DE L'EDUCATION NATIONALE",345560,11,0,0,1,113758.352,97.19,3,"SAIN",96.23,-0.959999999999994
32.98,266,60,82,8,"OSIEM MAHAJANGA",313800,45,4,0,0,103491.24,96.74,1,"SAIN",97.04,0.300000000000011
32.63,151,45,29,10,"TDL LEUNG TRANCK HONG",218500,23,0,2,0,71296.55,93.13,1,"SAIN",90.62,-2.50999999999999
32.99,265,52,82,10,"COLLEGE FRANCAIS DE TULEAR",387100,45,1,2,0,127704.29,97.74,1,"SAIN",97.26,-0.47999999999999
32.94,14,31,14,3,"Fonctionnaire",522870.2,7,0,0,1,172233.44388,97.35,3,"SAIN",97.22,-0.129999999999995
31.41,19,44,19,10,"SANIFER",267175,13,0,0,0,83919.6675,93.6,1,"SAIN",90.13,-3.47
32.99,21,55,6,8,"MINISTERE DE L'EDUCATION NATIONALE",350560,0,0,0,1,115649.744,96.12,3,"SAIN",96.87,0.75
32.99,32,46,32,8,"PIC",368421.05,24,1,0,1,121542.104395,94.21,2,"SAIN",93.8,-0.409999999999997
31.19,19,36,9,8,"FLOREAL MADAGASCAR S",205000,2,0,0,1,63939.5,86.76,2,"SAIN",86.58,-0.180000000000007
32.92,20,34,19,9,"Fonctionnaire",506482,11,2,2,1,166733.8744,96.82,3,"SAIN",95.4,-1.41999999999999
32.84,30,23,34,10,"ANTSIRABE KNITWEAR",160000,24,2,0,0,52544,91.84,1,"SAIN",86.92,-4.92
19.35,21,34,20,9,"Fonctionnaire",350560,11,0,2,1,67833.36,96.82,3,"SAIN",96.55,-0.269999999999996
29.51,15,51,11,7,"FLOREAL MADAGASCAR S",150000,5,2,0,1,44265,82.09,2,"SAIN",82.49,0.399999999999991
32.61,22,39,11,6,"FLOREAL MADAGASCAR S",210000,6,0,0,1,68481,86.21,2,"SAIN",89.07,2.86
32.63,8,48,12,8,"FLOREAL MADAGASCAR S",195914,1,0,0,1,63926.7382,83.01,2,"SAIN",74.63,-8.38000000000001
15.54,144,57,115,10,"MADAGASCAR TOBACCO NETWORK (MTN) SA",270000,45,0,0,0,41958,97.49,0,"SAIN",98.3,0.810000000000002
32.98,12,53,106,6,"PROGRAMME DES NATIONS UNIES POUR LE DEVELOPPEMENT",4435000,6,0,0,1,1462663,98.16,2,"SAIN",94.45,-3.70999999999999
10.18,25,31,50,7,"SOCIETE BOCASAY SARL",1805787,18,0,0,0,183829.1166,95.55,0,"SAIN",97.68,2.13000000000001
32.7,19,32,20,8,"MINISTERE DE L'EDUCATION NATIONALE",373000,11,0,0,1,121971,97.15,3,"SAIN",96.07,-1.08000000000001
26.85,21,31,20,8,"MINISTERE DE L'EDUCATION NATIONALE",345560,11,2,0,1,92782.86,97.52,3,"SAIN",95.78,-1.73999999999999
32.24,66,31,55,10,"SANIFER",244000,45,0,0,0,78665.6,93.6,1,"SAIN",90.34,-3.25999999999999
24.67,124,70,12,6,"MEN (FONCTIONNAIRE RETRAITE)",475608,1,0,0,0,117332.4936,89.07,3,"SAIN",89.62,0.550000000000011
8.45,21,32,20,8,"MINISTERE DE L'EDUCATION NATIONALE",345560,11,1,2,1,29199.82,96.93,3,"SAIN",93.69,-3.24000000000001
28.39,24,47,14,6,"ANTSIRABE KNITWEAR",614000,7,0,0,0,174314.6,94.94,1,"SAIN",92.65,-2.28999999999999
32.98,37,35,47,6,"LAND O'LAKES MADAGASCAR",446365.43,29,0,0,1,147211.318814,94.84,2,"DOUTEUX",94.78,-0.0600000000000023
32.81,19,30,19,8,"MINISTERE DE L'EDUCATION NATIONALE",368982.6,11,0,0,1,121063.19106,97.33,3,"SAIN",95.74,-1.59
23.24,19,32,20,9,"MINISTERE DE L'EDUCATION NATIONALE",365560,12,0,0,1,84956.144,97.68,3,"SAIN",96.52,-1.16000000000001
30.73,18,50,18,9,"COLAS MADAGASCAR SA",2,12,0,0,0,0.6146,86.36,1,"SAIN",54.11,-32.25
32.9,21,37,21,7,"FONCTIONNAIRE Semaine du Fonctionnaire",375560,11,0,2,1,123559.24,97.06,3,"SAIN",96.09,-0.969999999999999
30.91,19,40,20,8,"FONCTIONNAIRE Semaine du Fonctionnaire",421254.6,11,2,0,1,130209.79686,97.16,3,"SAIN",96.06,-1.09999999999999
32.65,21,49,17,8,"FONCTIONNAIRE NON CONVENTIONNE",381560,9,2,0,1,124579.34,97.44,3,"SAIN",97.23,-0.209999999999994
18.88,21,53,20,8,"FONCTIONNAIRE NON CONVENTIONNE",350560,12,0,2,1,66185.728,97.17,3,"SAIN",96.65,-0.519999999999996
28.15,120,33,132,6,"SOS VILLAGE D ENFANT",608250.79,114,0,0,0,171222.597385,99.32,2,"SAIN",99.11,-0.209999999999994
32.53,66,34,68,7,"MINISTERE DE L'ENSEIGNEMENT SUPERIEUR",2956786,39,0,0,0,961842.4858,98,3,"SAIN",98.12,0.120000000000005
31.18,19,27,20,9,"Fonctionnaire",382982.6,12,0,0,1,119413.97468,97.67,3,"SAIN",95.64,-2.03
31.92,139,40,133,5,"FEDERAT°HANDICAP INTERNATIONAL",544318.66,46,0,0,0,173746.516272,99.22,1,"SAIN",99.06,-0.159999999999997
32.69,19,31,20,8,"MINISTERE DE L'EDUCATION NATIONALE",388982.6,12,0,0,1,127158.41194,96.76,3,"SAIN",95.76,-1
22.63,20,33,19,8,"Fonctionnaire",373982.6,12,0,2,1,84632.26238,96.88,3,"SAIN",96.23,-0.649999999999991
32.15,19,32,25,8,"MINISTERE DE L'EDUCATION NATIONALE",526482,12,1,0,1,169263.963,96.17,3,"SAIN",96.92,0.75
32.97,21,36,20,8,"Fonctionnaire",345560,12,0,0,1,113931.132,96.9,3,"SAIN",95.91,-0.990000000000009
32.91,19,35,39,8,"MINISTERE DE L'EDUCATION NATIONALE",656749,12,0,0,1,216136.0959,97.48,3,"SAIN",97.12,-0.359999999999999
21.16,21,56,19,7,"Fonctionnaire",370560,12,0,2,1,78410.496,97.66,3,"SAIN",96.75,-0.909999999999997
32.89,20,55,6,6,"MINISTERE DE L'EDUCATION NATIONALE",393982.6,0,1,0,1,129580.87714,95.87,3,"SAIN",97.33,1.45999999999999
32.82,20,36,8,7,"FLOREAL MADAGASCAR S",370000,2,0,0,1,121434,93.34,2,"SAIN",92.62,-0.719999999999999
21.08,18,37,25,8,"PROGRAMME DES NATIONS UNIES POUR LE DEVELOPPEMENT",1600000,12,0,0,1,337280,97,2,"SAIN",95.82,-1.18000000000001
32.78,10,25,12,6,"LES ENFANTS DU SOLEIL",235600,0,0,0,1,77229.68,87.21,1,"SAIN",79.51,-7.69999999999999
23.5,212,55,127,6,"FONCTIONNAIRE Semaine du Fonctionnaire",394473,46,0,0,0,92701.155,97.95,3,"SAIN",99.39,1.44
27.38,36,24,36,7,"SMARTONE",291208,31,0,0,0,79732.7504,93.01,0,"SAIN",94.33,1.31999999999999
27.27,77,39,113,6,"NEWREST MADAGASCAR",783400,46,0,0,0,213633.18,98.61,0,"SAIN",98.72,0.109999999999999
27.78,20,30,25,8,"FONCTIONNAIRE Semaine du Fonctionnaire",482781.8,13,0,0,1,134116.78404,96.64,3,"SAIN",97.27,0.629999999999995
16.35,19,42,19,7,"ADRA",579554.3,14,0,0,1,94757.12805,96.2,1,"SAIN",92.61,-3.59
32.22,10,43,10,6,"BOLLORE AFRICA LOGISTICS MCAR",520946.6,6,0,0,1,167848.99452,94.81,2,"SAIN",92.37,-2.44
25.76,21,49,20,8,"MINISTERE DE L'EDUCATION NATIONALE",368982.6,13,2,0,1,95049.91776,97.54,3,"SAIN",96.46,-1.08000000000001
32.67,19,26,19,8,"MINISTERE DE L'EDUCATION NATIONALE",370560,12,2,0,1,121061.952,97.98,3,"SAIN",95.56,-2.42
32.82,28,40,26,6,"FID FSS FINANCEMENT ",487728,21,2,0,1,160072.3296,91.8,1,"SAIN",89.25,-2.55
32.95,470,60,441,7,"MINISTERE DE L'EDUCATION NATIONALE",673614.4,46,0,1,0,221955.9448,99.33,3,"SAIN",94.63,-4.7
32.34,411,60,408,6,"MINISTERE DE LA FONCTION PUBLIQUE; DU TRAVAIL; ET DES LOIS SOCIALES  - FOP",847000,403,0,0,0,273919.8,92.02,3,"SAIN",99.14,7.12
32.94,21,33,19,7,"MINISTERE DE L'EDUCATION NATIONALE",370560,10,1,0,1,122062.464,97.33,3,"SAIN",95.98,-1.34999999999999
28.21,50,32,43,6,"MINISTERE DE L'EDUCATION NATIONALE",395554.2,38,1,1,1,111585.83982,95.98,3,"SAIN",97.31,1.33
19.63,22,51,22,6,"Projet de Croissance Agricole et de Sécurisation Foncière - CASEF",2750000,18,0,0,1,539825,84.92,0,"SAIN",96.88,11.96
32.67,392,59,366,7,"JIRO SY RANO MALAGASY (JIRAMA)",523873.6,362,0,0,0,171149.50512,89.26,0,"SAIN",99,9.73999999999999
31.95,19,56,19,8,"MINISTERE DE L'EDUCATION NATIONALE",365560,13,4,0,1,116796.42,96.75,3,"SAIN",95.23,-1.52
32.86,21,45,20,7,"MINISTERE DE L'EDUCATION NATIONALE",381632,13,2,0,1,125404.2752,97.31,3,"SAIN",96.14,-1.17
12.64,20,32,58,6,"TELECOM MALAGASY - TELMA SA",1339000,15,2,2,0,169249.6,95.55,2,"SAIN",93.33,-2.22
32.27,22,44,47,7,"Projet d’Appui à la Performance du Secteur Public - PAPSP",3200000,17,0,0,1,1032640,95.51,0,"SAIN",97.61,2.09999999999999
32.56,21,56,20,6,"MINISTERE DE L'EDUCATION NATIONALE",336560,13,0,0,1,109583.936,96.9,3,"SAIN",96.38,-0.52000000000001
24.97,115,70,8,8,"FONCTIONNAIRE RETRAITE",474773,1,5,0,0,118550.8181,81.37,3,"SAIN",86.96,5.58999999999999
32.97,9,27,7,6,"ACTION SANTE ORGANISATION SECOURS - ASOS",834720,3,2,0,1,275207.184,85.33,0,"SAIN",96.09,10.76
25.95,31,31,36,6,"PROCONTACT LTD",1650000,25,2,0,0,428175,95.58,1,"SAIN",93.68,-1.89999999999999
22.29,132,51,102,6,"Fonctionnaire",3073000,86,0,0,0,684971.7,98.69,3,"SAIN",98.09,-0.599999999999994
28.7,56,54,9,7,"GRAPHMADA SARL",3223300,3,0,0,0,925087.1,80.05,0,"SAIN",97.56,17.51
32.98,22,32,120,6,"Fonctionnaire",482853,1,2,0,1,159244.9194,98.22,3,"SAIN",97.33,-0.890000000000001
27.98,19,34,24,6,"MINISTERE DE L'EDUCATION NATIONALE",397760,1,1,0,1,111293.248,95.51,3,"SAIN",96.8,1.28999999999999
31.15,376,60,147,6,"UNIVERSITE NORD DE MADAGASCAR",316095,48,1,0,0,98463.5925,93.88,0,"SAIN",99.15,5.27000000000001
21.14,21,48,17,6,"Fonctionnaire",404982.6,11,0,0,1,85613.32164,97.69,3,"SAIN",97.74,0.0499999999999972
23.07,442,56,138,6,"MINISTERE DE LA COMMUNICATION; DE L'INFORMATION ET DES RELATIONS AVEC LES INSTITUTIONS ",578767.2,48,0,0,0,133521.59304,99.53,3,"SAIN",97.26,-2.27
28.82,46,28,24,6,"FONCTIONNAIRE MINISTERE DES FINANCES ET DU BUDGET",1217732,20,0,0,1,350950.3624,97.59,3,"SAIN",98.24,0.649999999999991
32,15,20,11,6,"ARIANE ETUDES",321000,7,2,0,0,102720,88.91,1,"CONTENTIEUX",81.26,-7.64999999999999
32.9,76,41,11,6,"MINISTERE DES RESSOURCES HALIEUTIQUES ET DE LA PECHE",520400,4,0,0,0,171211.6,97.36,3,"SAIN",97.28,-0.0799999999999983
27.73,19,36,20,6,"MINISTERE DE L'EDUCATION NATIONALE",388982.6,14,1,0,1,107864.87498,97.88,3,"SAIN",97.02,-0.859999999999999
25.93,39,32,35,6,"MINISTERE DE L'EDUCATION NATIONALE",686641,26,0,0,1,178046.0113,97.65,3,"SAIN",97.59,-0.0600000000000023
32.81,19,51,20,6,"FONCTIONNAIRE Semaine du Fonctionnaire",370560,14,0,0,1,121580.736,96.94,3,"SAIN",96.41,-0.530000000000001
32.64,21,29,20,6,"Fonctionnaire",382982.6,14,0,0,1,125005.52064,97.57,3,"SAIN",95.98,-1.58999999999999
32.77,21,32,20,6,"MINISTERE DE L'EDUCATION NATIONALE",381632,14,1,2,1,125060.8064,97.44,3,"SAIN",96.35,-1.09
32.34,21,56,21,6,"MINISTERE DE L'EDUCATION NATIONALE",370560,14,1,0,1,119839.104,97.45,3,"SAIN",96.8,-0.650000000000006
31.5,8,32,20,6,"LES ENFANTS DU SOLEIL",271760,2,0,0,1,85604.4,85.1,1,"SAIN",83.97,-1.13
32.93,16,32,4,6,"MINISTERE DE L'AGRICULTURE ET DE L'ELEVAGE",299982.6,1,2,0,1,98784.27018,94.71,3,"SAIN",95.14,0.430000000000007
32.87,19,33,21,6,"MINISTERE DE L'EDUCATION NATIONALE",365560,14,0,0,1,120159.572,95.71,3,"SAIN",95.49,-0.219999999999999
24.83,118,70,16,5,"MINISTERE DE L'AGRICULTURE et DE L'ELEVAGE ",723000,1,0,0,0,179520.9,92.32,3,"SAIN",91.97,-0.349999999999994
25.03,10,31,8,6,"Fonctionnaire",567749,2,0,0,1,142107.5747,96.59,3,"SAIN",97.57,0.97999999999999
30.65,15,37,2,3,"MADAGASCAR KING DEER CASHMERE -",221000,1,2,0,1,67736.5,71.2,1,"SAIN",54.6,-16.6
32.52,27,35,2,3,"MADAGASCAR KING DEER CASHMERE -",250000,1,0,0,1,81300,87.26,1,"SAIN",72.28,-14.98
29.8,31,36,2,3,"MADAGASCAR KING DEER CASHMERE -",250000,1,0,0,1,74500,88.3,1,"SAIN",73.83,-14.47
31.05,31,36,2,3,"MADAGASCAR KING DEER CASHMERE -",240000,1,0,0,1,74520,84.97,1,"SAIN",67.68,-17.29
32.27,26,46,20,60,"MINISTERE DE L'EDUCATION NATIONALE",437829.4,18,0,0,1,141287.54738,96.67,3,"SAIN",96.35,-0.320000000000007
